company_name,url,has_jobposting_schema,num_jobpostings_found,http_status,notes
DE Shaw,https://www.deshawindia.com/careers/,False,0,200,no JobPosting schema found | redirected to https://www.deshawindia.com/careers
Zerodha,https://zerodha.com/careers,False,0,200,likely JS-rendered - very few links in raw HTML | redirected to https://careers.zerodha.com
Goldman Sachs,https://www.goldmansachs.com/careers/,False,0,200,no JobPosting schema found
Sprinklr,https://www.sprinklr.com/careers/,False,0,200,no JobPosting schema found
Walmart Global Tech,https://careers.walmart.com/,False,0,200,no JobPosting schema found | redirected to https://careers.walmart.com/us/en/home
Uber,https://uber.com/careers,False,0,200,no JobPosting schema found | redirected to https://jobs.uber.com/en/
Salesforce,https://salesforce.com/company/careers,False,0,200,no JobPosting schema found | redirected to https://www.salesforce.com/company/careers/?bc=OTH
ServiceNow,https://careers.servicenow.com,False,0,200,no JobPosting schema found
Cisco,https://jobs.cisco.com,False,0,200,no JobPosting schema found | redirected to https://careers.cisco.com/global/en
Swiggy,https://careers.swiggy.com,False,0,200,likely JS-rendered - very few links in raw HTML
Zomato,https://careers.zomato.com,False,0,,Request failed: ConnectionError
PhonePe,https://phonepe.com/careers,False,0,200,no JobPosting schema found | redirected to https://www.phonepe.com/careers/
Meesho,https://careers.meesho.com,False,0,403,blocked/403 (bot protection)
Freshworks,https://freshworks.com/company/careers,False,0,200,no JobPosting schema found | redirected to https://www.freshworks.com/company/careers/
InMobi,https://inmobi.com/company/careers,False,0,200,no JobPosting schema found | redirected to https://www.inmobi.com/company/careers
Postman,https://postman.com/company/careers,False,0,200,no JobPosting schema found | redirected to https://www.postman.com/company/careers/
Groww,https://groww.in/careers,False,0,200,no JobPosting schema found
Ola,https://olacareers.com,False,0,,Request failed: ConnectionError
JPMorgan Chase,https://careers.jpmorgan.com,False,0,200,no JobPosting schema found | redirected to https://www.jpmorganchase.com/careers?redirect=careers_jpm
Morgan Stanley,https://morganstanley.com/careers,False,0,200,no JobPosting schema found | redirected to https://www.morganstanley.com/people
Deutsche Bank,https://careers.db.com,False,0,200,no JobPosting schema found
Optiver,https://optiver.com/working-at-optiver,False,0,200,no JobPosting schema found | redirected to https://www.optiver.com/join-us/
Citadel Securities,https://citadelsecurities.com/careers,False,0,403,blocked/403 (bot protection)
SAP Labs India,https://jobs.sap.com,False,0,200,no JobPosting schema found
Visa,https://careers.visa.com,False,0,,Request failed: ConnectionError
Mastercard,https://mastercard.com/careers,False,0,403,blocked/403 (bot protection)
American Express,https://aexp.eightfold.ai,False,0,200,static marketing page not job list | redirected to https://aexp.okta.com/app/americanexpressproduction_hrmatchingtechnology_1/exkmxv5288Bc42B6a0x7/sso/saml?SAMLRequest=fZJNc9owEIbv%2FAqP7%2FgrYECD6UBIW2YoMIH20AuzyGusiS25WpmSf1%2FJaZKmM4lu0u777u6zmhLUVcPmrSnlPf5qkUzP8651JYl1ocxvtWQKSBCTUCMxw9l%2B%2Fm3NkiBijVZGcVX5b0Qfa4AItRFKOtFqmfnbzd16%2B2W1OeKInyYpH0aTSVHwPDpF4%2BGpGIwHBaQFpjHHHG4AUif8gZqsR%2BZbS3f3vJ1WF5Gj3tiKmX8nzqUpVJV3VYhaXEkyII1VREnaj0b9OD7EEbuJWRL9dFlLO7yQYDrb0piGWBgCXptAPRgIuKpDaJrQ2mvBQdqARiKLIG%2B5Ex1LXYPhpZBng7yUqlLnx2Mc4vWhvl6GyXi84INkkUJ0HYVEKnSsXOHdX4oLIXMr%2Fhjf6SmJ2NfDYdffbfcHZzF%2FhnqrJLW2wz3qi%2BD4%2FX793yz4DCYA4bo4gt39J%2BCUdWE7pT%2FreE5de6xDp2fvWkzDf9NehQ1ze1gtd6oS%2FLF7d%2BezcozenzAO4u5F5P2iS2WtpAa5KATm%2FovNvKrU71uNYOyqjW7R98JZr%2FfUzNvvPPsD&RelayState=http%3A%2F%2Faexp.eightfold.ai%2Fhome
PayPal,https://paypal.com/us/webapps/mpp/jobs,False,0,200,no JobPosting schema found | redirected to https://careers.pypl.com/home/
